customer_id,first_name,last_name,email,gender,phone,date_of_birth,no_concessions
1,Mart,Favell,mfavell0@phoca.cz,Male,693 180 5074,1966-05-12,7
2,Bogart,Wem,bwem1@networksolutions.com,Male,725 892 4383,1967-02-20,5
3,Cele,Jorio,cjorio2@princeton.edu,Female,480 987 0655,1978-08-05,3
4,Doralyn,Philbrook,dphilbrook3@washington.edu,Female,349 873 6344,2007-09-04,2
5,Lauren,Chopy,lchopy4@soundcloud.com,Male,264 421 4366,2006-10-08,7
6,Yetta,Gready,ygready5@godaddy.com,Female,339 910 2447,1976-05-03,9
7,Albertine,Fronek,afronek6@utexas.edu,Female,824 364 9012,1973-01-19,8
8,Kinna,Batteson,kbatteson7@blogger.com,Agender,871 812 0995,2001-02-04,10
9,Blondie,Elis,belis8@etsy.com,Female,769 623 7706,1983-10-23,8
10,Jaymie,Kleinpeltz,jkleinpeltz9@1und1.de,Male,175 912 5644,1995-04-06,9
11,Toddy,De la Zenne,tdelazennea@dedecms.com,Male,815 223 8361,1964-10-05,10
12,Karel,Collin,kcollinb@slate.com,Male,979 475 2880,1985-10-07,5
13,Camellia,Swatman,cswatmanc@uol.com.br,Female,806 640 6132,1989-11-24,3
14,Lou,Oates,loatesd@de.vu,Female,248 354 4222,1967-09-28,1
15,Margarette,Fowler,mfowlere@amazon.com,Genderfluid,188 847 0167,1978-06-21,7
16,Jacquenette,Grouen,jgrouenf@wikipedia.org,Female,632 728 7853,1995-03-11,3
17,Darryl,Tytherton,dtythertong@histats.com,Male,645 804 6218,1987-12-30,5
18,Edgardo,Catherall,ecatherallh@army.mil,Male,261 395 4674,2007-06-10,5
19,Charla,Stables,cstablesi@domainmarket.com,Female,408 556 1825,1974-05-04,8
20,Casey,Buxsey,cbuxseyj@google.nl,Male,310 843 7740,1985-05-05,1
21,Eden,Reeday,ereedayk@blogtalkradio.com,Female,523 958 1020,1986-10-12,6
22,Court,Coker,ccokerl@canalblog.com,Male,961 509 0331,1963-02-26,2
23,Robbi,Slator,rslatorm@cafepress.com,Female,371 530 0896,1981-09-20,1
24,Steven,Barby,sbarbyn@blogs.com,Male,121 899 0747,2005-07-05,10
25,Chanda,Strick,cstricko@omniture.com,Female,824 205 4156,1961-08-16,3
26,Paulie,Stiell,pstiellp@archive.org,Female,908 267 8577,1985-10-10,3
27,Tiler,Ingleson,tinglesonq@wikia.com,Male,744 924 6995,1969-12-05,7
28,Vikky,McOwen,vmcowenr@pen.io,Female,138 575 5204,1963-05-02,3
29,Cornall,Duligall,cduligalls@whitehouse.gov,Male,155 373 3007,1992-03-12,4
30,Rad,Jerschke,rjerschket@google.it,Bigender,634 227 8457,1977-05-26,4
31,Lizzy,Valance,lvalanceu@facebook.com,Female,785 193 6064,1971-08-22,9
32,Madlin,Osburn,mosburnv@miitbeian.gov.cn,Non-binary,855 598 0639,1968-11-14,3
33,Panchito,Giannassi,pgiannassiw@rakuten.co.jp,Male,111 351 0962,1998-09-12,7
34,Melba,Bodycomb,mbodycombx@yellowpages.com,Female,215 132 1710,1997-03-13,5
35,Fraser,Bichard,fbichardy@utexas.edu,Male,947 203 3773,1977-05-27,9
36,Kylie,Rounsivall,krounsivallz@boston.com,Male,985 844 3578,1997-11-29,7
37,Roseanna,Kocher,rkocher10@msn.com,Female,227 422 4410,1973-12-28,8
38,Consuelo,Thal,cthal11@hubpages.com,Female,823 449 7398,1993-08-04,5
39,Devina,Girth,dgirth12@qq.com,Female,713 848 8743,2004-09-26,8
40,Candie,Keiley,ckeiley13@sohu.com,Female,931 206 8843,1961-12-26,6
41,Giacopo,Hartell,ghartell14@mapy.cz,Male,209 153 2472,2007-09-11,8
42,Benedicta,Mattimoe,bmattimoe15@bandcamp.com,Genderfluid,771 595 9134,1994-01-21,1
43,Clyve,Drummer,cdrummer16@businessinsider.com,Male,600 219 9311,2001-12-25,9
44,Moise,Hargerie,mhargerie17@berkeley.edu,Male,160 485 2612,1975-07-08,5
45,Bucky,Blizard,bblizard18@rakuten.co.jp,Male,435 794 1681,2007-01-15,9
46,Dinny,Cucuzza,dcucuzza19@accuweather.com,Female,952 259 3117,1965-08-03,9
47,Nicol,Wringe,nwringe1a@123-reg.co.uk,Male,794 412 7790,1993-06-28,2
48,Chevalier,Vernau,cvernau1b@yellowbook.com,Polygender,762 501 3957,2003-07-09,1
49,Godfree,Greest,ggreest1c@prweb.com,Male,964 186 6637,1989-06-16,1
50,Alaster,Ambroziak,aambroziak1d@chronoengine.com,Male,339 649 1638,1967-07-20,10
51,Suzanna,Stones,sstones1e@cyberchimps.com,Bigender,397 286 0100,1971-07-01,2
52,Carlotta,Siddell,csiddell1f@com.com,Female,885 806 0119,1961-06-03,3
53,Vinnie,Dosdale,vdosdale1g@infoseek.co.jp,Male,973 311 1758,1987-12-02,6
54,Ervin,Vautin,evautin1h@wikipedia.org,Male,416 623 4418,2001-01-15,5
55,Alfonse,Zorzi,azorzi1i@ocn.ne.jp,Male,864 259 3887,1984-04-23,6
56,Morten,Evered,mevered1j@google.ca,Male,759 396 9747,1978-09-01,9
57,Minni,Chazotte,mchazotte1k@home.pl,Female,204 803 4735,1964-08-15,9
58,Katti,Monteith,kmonteith1l@craigslist.org,Female,806 497 0453,1981-02-04,1
59,Bonni,Flanigan,bflanigan1m@last.fm,Female,841 911 2674,2003-03-19,8
60,Wendall,McIlroy,wmcilroy1n@google.co.jp,Male,814 476 6751,1968-10-01,1
61,Zedekiah,Keating,zkeating1o@rambler.ru,Male,317 805 6196,1992-06-04,3
62,Frankie,Olle,folle1p@newyorker.com,Bigender,726 908 2680,1995-08-27,6
63,Pooh,Dohrmann,pdohrmann1q@wikipedia.org,Male,290 716 7214,2007-05-05,5
64,Janka,Kettlesting,jkettlesting1r@wiley.com,Female,469 568 0466,2005-11-06,3
65,Willey,Hedan,whedan1s@phpbb.com,Male,305 317 1282,1973-03-09,10
66,Nels,McIlvenna,nmcilvenna1t@wp.com,Male,362 900 2817,1970-06-25,1
67,Rab,Ferrieroi,rferrieroi1u@miibeian.gov.cn,Polygender,720 182 9781,2000-07-26,2
68,Fransisco,Lambdin,flambdin1v@europa.eu,Male,846 454 9454,2001-02-02,8
69,Anett,Bullas,abullas1w@digg.com,Female,961 301 2746,1962-07-11,8
70,Pearce,Attenborrow,pattenborrow1x@illinois.edu,Male,114 836 8373,1994-01-04,9
71,Uriah,Guilliatt,uguilliatt1y@yellowbook.com,Male,329 717 9518,1971-05-23,2
72,Cirillo,Livezley,clivezley1z@goo.gl,Male,357 820 2058,2006-08-27,5
73,Jacklyn,Menat,jmenat20@vimeo.com,Female,590 487 5436,1986-02-25,10
74,Lora,Tibbles,ltibbles21@delicious.com,Female,975 116 9898,1962-02-05,7
75,Bartolemo,Coneybeare,bconeybeare22@earthlink.net,Male,306 842 8684,1980-09-10,5
76,Franny,Iacovozzo,fiacovozzo23@creativecommons.org,Female,153 574 5951,2000-09-11,8
77,Amy,Kitching,akitching24@bandcamp.com,Female,168 420 3912,1988-05-17,6
78,Helaina,Eagell,heagell25@over-blog.com,Agender,609 254 6484,1969-04-03,8
79,Felipe,Macro,fmacro26@patch.com,Male,476 118 6848,2004-06-19,10
80,Jabez,Godbolt,jgodbolt27@yahoo.co.jp,Male,969 265 0774,1975-03-30,5
81,Ransell,Attwoul,rattwoul28@businesswire.com,Male,789 851 6810,1981-10-25,2
82,Yolande,Fetter,yfetter29@livejournal.com,Female,583 814 3213,1985-01-20,5
83,Aliza,Pinard,apinard2a@dropbox.com,Female,970 931 2024,1978-07-22,1
84,Eula,Neno,eneno2b@1688.com,Female,332 290 7351,1976-09-22,2
85,Koressa,Rospars,krospars2c@hibu.com,Female,769 855 4454,1976-06-09,7
86,Tori,Greenhouse,tgreenhouse2d@hatena.ne.jp,Bigender,592 233 9624,1968-01-25,9
87,Yehudi,McGrory,ymcgrory2e@seesaa.net,Male,304 862 1426,1992-09-23,8
88,Pamella,Cliburn,pcliburn2f@xing.com,Female,292 911 1497,1986-04-21,9
89,Roma,Ludvigsen,rludvigsen2g@wisc.edu,Male,702 878 9354,2006-03-12,7
90,Arlinda,Wingatt,awingatt2h@netscape.com,Female,758 686 5462,1990-09-30,7
91,Cary,Hathwood,chathwood2i@imdb.com,Male,633 449 8609,1981-09-25,9
92,Norean,Rate,nrate2j@pinterest.com,Genderqueer,845 234 4798,1969-08-23,2
93,Friederike,Pamplin,fpamplin2k@gmpg.org,Female,316 532 6154,2007-07-20,8
94,Maren,McGerr,mmcgerr2l@washington.edu,Female,806 968 6922,1961-01-13,8
95,Mella,Sargerson,msargerson2m@goo.gl,Female,973 396 0121,1999-11-18,7
96,Cecilio,Cockran,ccockran2n@seattletimes.com,Male,920 293 2477,1964-05-20,5
97,Sydelle,Giercke,sgiercke2o@pcworld.com,Female,515 171 5754,1988-04-24,1
98,Price,Gerardeaux,pgerardeaux2p@youtu.be,Male,693 523 6659,1986-11-28,2
99,Perry,Fortie,pfortie2q@cnn.com,Female,828 637 9109,1998-06-06,9
100,Kirk,Vassel,kvassel2r@alexa.com,Male,677 514 1471,1967-10-16,8
